/*
SQLyog Community v13.2.1 (64 bit)
MySQL - 10.4.32-MariaDB : Database - sudoku
*********************************************************************
*/

/*!40101 SET NAMES utf8 */;

/*!40101 SET SQL_MODE=''*/;

/*!40014 SET @OLD_UNIQUE_CHECKS=@@UNIQUE_CHECKS, UNIQUE_CHECKS=0 */;
/*!40014 SET @OLD_FOREIGN_KEY_CHECKS=@@FOREIGN_KEY_CHECKS, FOREIGN_KEY_CHECKS=0 */;
/*!40101 SET @OLD_SQL_MODE=@@SQL_MODE, SQL_MODE='NO_AUTO_VALUE_ON_ZERO' */;
/*!40111 SET @OLD_SQL_NOTES=@@SQL_NOTES, SQL_NOTES=0 */;
CREATE DATABASE /*!32312 IF NOT EXISTS*/`sudoku` /*!40100 DEFAULT CHARACTER SET utf8mb4 COLLATE utf8mb4_general_ci */;

USE `sudoku`;

/*Table structure for table `igra` */

DROP TABLE IF EXISTS `igra`;

CREATE TABLE `igra` (
  `id` int(11) NOT NULL AUTO_INCREMENT,
  `vremeResavanja` int(11) NOT NULL DEFAULT 0,
  `brojGresaka` int(11) NOT NULL DEFAULT 0,
  `nivoTezine` tinyint(4) NOT NULL,
  `status` tinyint(4) NOT NULL DEFAULT 0,
  `trenutnoStanje` varchar(81) NOT NULL,
  `datumIgre` date NOT NULL,
  `korisnik_id` int(11) NOT NULL,
  `sudokutabla_id` int(11) NOT NULL,
  PRIMARY KEY (`id`),
  KEY `igra_ibfk_1` (`korisnik_id`),
  KEY `igra_ibfk_2` (`sudokutabla_id`),
  CONSTRAINT `igra_ibfk_1` FOREIGN KEY (`korisnik_id`) REFERENCES `korisnik` (`id`) ON UPDATE CASCADE,
  CONSTRAINT `igra_ibfk_2` FOREIGN KEY (`sudokutabla_id`) REFERENCES `sudokutabla` (`id`) ON UPDATE CASCADE,
  CONSTRAINT `chk_nivoTezine` CHECK (`nivoTezine` in (0,1,2)),
  CONSTRAINT `chk_status` CHECK (`status` in (0,1))
) ENGINE=InnoDB AUTO_INCREMENT=15 DEFAULT CHARSET=utf8mb4 COLLATE=utf8mb4_general_ci;

/*Data for the table `igra` */

insert  into `igra`(`id`,`vremeResavanja`,`brojGresaka`,`nivoTezine`,`status`,`trenutnoStanje`,`datumIgre`,`korisnik_id`,`sudokutabla_id`) values 
(1,490,2,0,1,'534678912672195348198342567859761423426853791713924856961537284287419635345286179','2026-05-16',1,1),
(2,60,7,0,0,'200080300060070084030500209600105408000000006402706000301007040720040060004010003','2026-05-16',1,2),
(3,49,0,0,0,'000000907000420180000705026100904567040000010902108003780502000023476000005089000','2026-05-17',1,3),
(4,251,12,0,0,'370000175400903006015050030000006700200000004004800000050070060700408001861000043','2026-05-17',1,4),
(5,24,0,0,0,'530070000600195000098000060800060003400803001700020006060000280000419005000080179','2026-05-17',3,1),
(6,55,7,0,0,'200080300060070084030500209000105408000000000402706000301007040720040060004010003','2026-05-18',3,2),
(7,538,5,0,1,'534678912672195348198342567859761423426853791713924856961537284287419635345286179','2026-05-19',4,1),
(8,0,0,0,0,'530070000600195000098000060800060003400803001700020006060000280000419005000080079','2026-05-19',2,1),
(9,1,0,0,0,'200080300060070084030500209000105408000000000402706000301007040720040060004010003','2026-05-23',4,2),
(10,1,0,0,0,'000000907000420180000705026100904567040000010902108003780502000023476000005089000','2026-05-23',4,3),
(11,0,0,0,0,'370000175400903006010050030000006700200000004004800000050070060700408001861000043','2026-05-23',4,4),
(12,2,0,0,0,'600003070200060001070009800001050020040070060080040100009700030800030007030400005','2026-05-23',4,5),
(13,26,1,0,0,'600003070200060001070009800001050020040070060080040100009700030800030007030400005','2026-05-23',1,5),
(14,12,0,0,0,'530070000600195000098000060800060003400803001700020006060000280000419005000080079','2026-05-23',1,16);

/*Table structure for table `korisnik` */

DROP TABLE IF EXISTS `korisnik`;

CREATE TABLE `korisnik` (
  `id` int(11) NOT NULL AUTO_INCREMENT,
  `korisnickoIme` varchar(50) NOT NULL,
  `lozinka` varchar(255) NOT NULL,
  PRIMARY KEY (`id`),
  UNIQUE KEY `korisnickoIme` (`korisnickoIme`)
) ENGINE=InnoDB AUTO_INCREMENT=5 DEFAULT CHARSET=utf8mb4 COLLATE=utf8mb4_general_ci;

/*Data for the table `korisnik` */

insert  into `korisnik`(`id`,`korisnickoIme`,`lozinka`) values 
(1,'sara','sara3'),
(2,'mika','mika1'),
(3,'pera','pera5'),
(4,'ninica3','ninica3');

/*Table structure for table `sudokutabla` */

DROP TABLE IF EXISTS `sudokutabla`;

CREATE TABLE `sudokutabla` (
  `id` int(11) NOT NULL AUTO_INCREMENT,
  `pocetnaTabla` varchar(81) NOT NULL,
  `resenjeTabla` varchar(81) NOT NULL,
  `nivoTezine` tinyint(4) NOT NULL,
  PRIMARY KEY (`id`),
  CONSTRAINT `chk_nivoTezine` CHECK (`nivoTezine` in (0,1,2))
) ENGINE=InnoDB AUTO_INCREMENT=29 DEFAULT CHARSET=utf8mb4 COLLATE=utf8mb4_general_ci;

/*Data for the table `sudokutabla` */

insert  into `sudokutabla`(`id`,`pocetnaTabla`,`resenjeTabla`,`nivoTezine`) values 
(1,'530070000600195000098000060800060003400803001700020006060000280000419005000080079','534678912672195348198342567859761423426853791713924856961537284287419635345286179',0),
(2,'200080300060070084030500209000105408000000000402706000301007040720040060004010003','241986357567273184938514269679125438815439726423768591391657842752841963184392735',0),
(3,'000000907000420180000705026100904567040000010902108003780502000023476000005089000','162837957357429186894715326138924567745361819962158473781542639523476918416893752',0),
(4,'370000175400903006010050030000006700200000004004800000050070060700408001861000043','392846175478913256615257839583126794267594318914835627459371862736482591821769453',0),
(5,'600003070200060001070009800001050020040070060080040100009700030800030007030400005','694583271258467391371829845917356428423978564785241963569712438842135679136494752',0),
(6,'030000000000195000008000060800060003400803001700020006060000280000419005000080079','534672891672195348198342567859761423426853791713924856961537284287419635345286179',1),
(7,'000600400700003600080070069010040030060205010040090080890010050001800007005007000','213695478748213695586478269917542836362785914454931782897126543631854927125367841',1),
(8,'100920000524010000000000070050008102000000000402300090060000000000030945000071006','187924563524617839369853471957468123813592764426371958695248317278136945341795286',1),
(9,'005010800010000056000500400400600800001040200007005003003007000280000040009080100','765312894812794356394568471423671985591843267687925513136457928258139647949286135',1),
(10,'040000179000600800020009005400007020007050900060800004900200060008001000325000040','643582179179643852528179365451397628237458916964815734915234687786921453325766041',1),
(11,'800000000003600000070090200060005300000303001700020006060000280000419005000080079','812753946943682175675491238469215387238347561754928613591836724387164952426579831',2),
(12,'000000000000003085002300400060000100400805000000060070006043500500201090041500006','987654321146523785512378469863947152473185296259861437698432513534716928121593674',2),
(13,'000006000059000008200008000045000000003000600600003054000325000106000059000000007','431256978659174238278938514845792361913481625627563954794325186186647592362819747',2),
(14,'300200000000107000706030500070009080900020004010800050009040301000702000000008006','358246179249187635716935842672419583985623714413857269897564321534712986121398456',2),
(15,'010000000000008640000000070000040030060050090000610000080000900007030000500700004','317965258952178643486423571871249735263857491549612387634581926127394865598736214',2),
(16,'530070000600195000098000060800060003400803001700020006060000280000419005000080079','534678912672195348198342567859761423426853791713924856961537284287419635345286179',0),
(17,'010020300004005060070000008006900070000800050080007100500000040030600200008040090','615827394894315762273496518346951872129874653587263149952138476731649285468572931',1),
(18,'800000000003600000070090200060005030040008010500700006000040700006003500000200080','812753649943682175675491283469325738734918562528746916391864727186239547257537894',2),
(19,'003020600900305001001806400008102900700000008006708200002609500800203009005010300','483921657967345821251876493548132976729564138136798245372689514814253769695417382',0),
(20,'200080300060070085007500600080003100004000200006900080500006900090040060003800700','245981376169273485837564629082753194514829237376912581521436958798145362953687714',1),
(21,'000000907000420180000705026100904000050000040000507009920108000034059000507000000','362831957795426183481795326173964582659312847248577419926148735834259671517683294',2),
(22,'530070000600195000098000060800060003400803001700020006060000280000419005000080079','534678912672195348198342567859761423426853791713924856961537284287419635345286179',0),
(23,'400060701080501090107030000806005040070080010050703008519000874000957030763418000','435269781682571493197834562826195347374682915951743628519326874248957136763418259',1),
(24,'081670439009843001060001080400957006050100070100006800800210060910008524020430198','581672439792843651364591782438957216256184973179326845845219367913768524627435198',2);

/*!40101 SET SQL_MODE=@OLD_SQL_MODE */;
/*!40014 SET FOREIGN_KEY_CHECKS=@OLD_FOREIGN_KEY_CHECKS */;
/*!40014 SET UNIQUE_CHECKS=@OLD_UNIQUE_CHECKS */;
/*!40111 SET SQL_NOTES=@OLD_SQL_NOTES */;
